,PBLH_24,PBLH_48,PBLH_avg_24,PBLH_avg_48,Raw,Filtered,Raw_mean,Filt_mean
2015-09-01 00:00:00,0.000,478.631,0.000,435.217,1160.000,1160.000,,
2015-09-01 01:00:00,194.765,396.039,194.397,431.025,1170.000,,1425.000,
2015-09-01 02:00:00,99.327,393.915,133.612,411.249,1190.000,1190.000,1197.143,
2015-09-01 03:00:00,63.739,409.116,48.555,401.139,1240.000,,1268.571,
2015-09-01 04:00:00,34.333,357.781,34.104,382.370,1340.000,1340.000,1328.571,
2015-09-01 05:00:00,68.489,466.989,55.246,436.227,1310.000,,1311.429,
2015-09-01 06:00:00,41.230,377.523,43.398,393.887,,,,
2015-09-01 07:00:00,43.892,382.502,50.333,413.431,,,,
2015-09-01 08:00:00,19.720,137.407,60.989,312.944,,,,
2015-09-01 09:00:00,19.688,122.791,31.180,235.548,,,,
2015-09-01 10:00:00,54.538,58.704,105.613,156.170,,,,
2015-09-01 11:00:00,56.629,56.376,91.530,111.292,,,,
2015-09-01 12:00:00,58.572,61.770,92.201,66.398,,,,
2015-09-01 13:00:00,79.640,58.377,81.961,91.654,,,,
2015-09-01 14:00:00,328.307,412.850,323.584,410.450,,,,
2015-09-01 15:00:00,465.126,535.729,510.100,521.614,,,,
2015-09-01 16:00:00,623.034,675.668,647.923,658.158,,,,
2015-09-01 17:00:00,887.203,848.371,912.186,825.889,,,,
2015-09-01 18:00:00,1276.342,1143.229,1302.707,1127.073,,,,
2015-09-01 19:00:00,1695.848,1797.018,1658.494,1718.136,,,,
2015-09-01 20:00:00,2187.104,2104.234,1977.123,1963.510,,,,
2015-09-01 21:00:00,2008.170,2122.635,2039.983,1939.376,,,,
2015-09-01 22:00:00,1407.869,1822.820,1312.035,1739.962,,,,
2015-09-01 23:00:00,991.362,350.602,1016.332,533.419,,,,
2015-09-02 00:00:00,0.000,1006.982,0.000,1251.551,,,,
2015-09-02 01:00:00,131.442,415.560,135.263,518.984,,,,
2015-09-02 02:00:00,177.168,470.620,146.988,426.515,,,,
2015-09-02 03:00:00,97.055,257.817,119.644,291.560,,,,
2015-09-02 04:00:00,55.596,454.038,120.291,485.532,,,,
2015-09-02 05:00:00,307.017,413.737,274.144,416.252,,,,
2015-09-02 06:00:00,259.500,408.466,228.514,418.396,1040.000,,,
2015-09-02 07:00:00,170.799,355.717,180.070,379.166,290.000,,491.429,
2015-09-02 08:00:00,110.242,355.217,111.853,391.773,450.000,,405.714,
2015-09-02 09:00:00,208.313,294.811,148.523,317.300,820.000,,768.571,
2015-09-02 10:00:00,102.104,318.306,88.395,314.160,1025.000,,962.143,
2015-09-02 11:00:00,62.350,310.496,61.819,310.004,1130.000,,1111.429,
2015-09-02 12:00:00,144.810,260.301,100.744,254.470,1590.000,1590.000,1265.000,
2015-09-02 13:00:00,23.675,327.820,76.996,344.198,1320.000,1320.000,744.286,
2015-09-02 14:00:00,309.135,453.019,313.696,406.444,340.000,,408.571,
2015-09-02 15:00:00,471.655,628.407,477.381,597.695,320.000,,353.571,
2015-09-02 16:00:00,772.663,753.881,737.366,720.992,400.000,,460.714,
2015-09-02 17:00:00,1003.543,930.479,956.461,915.846,600.000,,590.000,
2015-09-02 18:00:00,1181.837,1261.552,1169.412,1232.932,1730.000,,1569.286,
2015-09-02 19:00:00,1471.105,1641.499,1460.532,1610.104,2040.000,2040.000,2192.143,
2015-09-02 20:00:00,1799.060,2053.539,1771.325,2015.351,1390.000,1390.000,1371.429,1371.429
2015-09-02 21:00:00,2177.273,2091.640,2068.705,1945.086,1540.000,1540.000,1494.286,1494.286
2015-09-02 22:00:00,2105.621,1706.024,2093.278,1413.466,2470.000,2470.000,2012.857,2012.857
2015-09-02 23:00:00,1962.887,1050.488,1941.347,1048.939,1670.000,1670.000,1720.000,1720.000
2015-09-03 00:00:00,0.000,283.520,0.000,469.542,1660.000,,1690.000,
2015-09-03 01:00:00,100.942,388.735,275.531,422.552,1680.000,,1638.571,
2015-09-03 02:00:00,168.880,413.293,133.661,405.648,1390.000,,1217.143,
2015-09-03 03:00:00,141.845,327.641,122.282,306.791,280.000,,882.857,
2015-09-03 04:00:00,19.775,257.994,57.765,251.919,1370.000,,1998.571,
2015-09-03 05:00:00,216.098,367.042,150.697,339.777,320.000,,530.000,
2015-09-03 06:00:00,182.891,244.537,208.776,309.315,290.000,290.000,357.143,
2015-09-03 07:00:00,97.803,182.327,137.606,206.457,640.000,640.000,505.714,
2015-09-03 08:00:00,73.604,175.375,77.935,186.836,280.000,,334.286,
2015-09-03 09:00:00,19.655,123.560,42.651,133.436,790.000,,788.571,
2015-09-03 10:00:00,96.045,115.687,97.842,126.877,460.000,,610.000,
2015-09-03 11:00:00,38.846,79.939,41.947,102.392,540.000,,577.143,
2015-09-03 12:00:00,19.609,72.761,23.937,87.560,460.000,,464.286,
2015-09-03 13:00:00,19.589,160.454,31.391,159.809,260.000,,308.571,
2015-09-03 14:00:00,405.901,462.549,395.930,439.914,370.000,,365.714,
2015-09-03 15:00:00,586.083,546.984,546.754,543.593,1885.000,1885.000,677.857,
2015-09-03 16:00:00,709.214,745.726,686.583,730.860,1890.000,1890.000,1695.714,1695.714
2015-09-03 17:00:00,975.919,963.219,926.865,949.236,1715.000,1715.000,1865.000,1865.000
2015-09-03 18:00:00,1209.166,1423.311,1159.485,1392.057,1740.000,1740.000,1973.571,1973.571
2015-09-03 19:00:00,1693.892,1775.421,1618.178,1749.049,2765.000,2765.000,2170.000,2170.000
2015-09-03 20:00:00,2127.359,2094.193,2021.202,2050.323,2330.000,2330.000,2164.286,2164.286
2015-09-03 21:00:00,2082.902,2259.340,1896.930,2214.557,1900.000,1900.000,1722.857,1722.857
2015-09-03 22:00:00,1483.994,2523.845,1181.634,2201.156,1280.000,,1238.571,
2015-09-03 23:00:00,1534.065,1605.653,1388.012,1382.733,450.000,,714.286,
2015-09-04 00:00:00,,,,,920.000,,2066.429,
2015-09-04 01:00:00,,,,,2610.000,,2580.000,
2015-09-04 02:00:00,,,,,2510.000,,2442.857,
2015-09-04 03:00:00,,,,,1230.000,1230.000,1245.714,
2015-09-04 04:00:00,,,,,320.000,,342.857,
2015-09-04 05:00:00,,,,,440.000,440.000,462.857,462.857
2015-09-04 06:00:00,,,,,1450.000,1450.000,873.571,873.571
2015-09-04 07:00:00,,,,,1530.000,,1425.714,
2015-09-04 08:00:00,,,,,820.000,,807.143,
2015-09-04 09:00:00,,,,,830.000,,844.286,
2015-09-04 10:00:00,,,,,890.000,,969.286,
2015-09-04 11:00:00,,,,,640.000,640.000,961.429,
2015-09-04 12:00:00,,,,,1460.000,,1077.857,
2015-09-04 13:00:00,,,,,460.000,460.000,362.857,
2015-09-04 14:00:00,,,,,400.000,,358.571,
2015-09-04 15:00:00,,,,,1845.000,,1235.000,
2015-09-04 16:00:00,,,,,1980.000,,1975.714,
2015-09-04 17:00:00,,,,,990.000,990.000,1315.714,1315.714
2015-09-04 18:00:00,,,,,1120.000,1120.000,1545.714,1545.714
2015-09-04 19:00:00,,,,,2255.000,2255.000,1643.571,1643.571
2015-09-04 20:00:00,,,,,2825.000,2825.000,1880.000,1880.000
2015-09-04 21:00:00,,,,,1480.000,1480.000,1528.571,
2015-09-04 22:00:00,,,,,1680.000,,1661.429,
2015-09-04 23:00:00,,,,,1400.000,,1217.143,
2015-09-05 00:00:00,0.000,651.718,0.000,822.759,640.000,,725.714,
2015-09-05 01:00:00,135.646,792.542,244.359,778.170,2150.000,2150.000,2065.714,
2015-09-05 02:00:00,121.224,554.678,138.760,605.994,1310.000,1310.000,1630.714,1630.714
2015-09-05 03:00:00,68.231,545.412,202.513,527.799,1510.000,1510.000,1352.857,1352.857
2015-09-05 04:00:00,222.987,467.025,124.337,456.158,290.000,290.000,287.143,287.143
2015-09-05 05:00:00,103.106,419.415,158.206,396.226,620.000,620.000,455.714,455.714
2015-09-05 06:00:00,192.936,407.650,175.004,400.670,1440.000,1440.000,1281.429,1281.429
2015-09-05 07:00:00,271.538,391.671,232.265,382.805,500.000,500.000,634.286,634.286
2015-09-05 08:00:00,185.998,467.600,203.854,414.000,490.000,490.000,452.857,452.857
2015-09-05 09:00:00,32.739,465.120,108.013,434.402,370.000,370.000,448.571,448.571
2015-09-05 10:00:00,105.415,263.500,93.356,354.504,560.000,560.000,550.000,550.000
2015-09-05 11:00:00,59.698,219.721,67.197,255.742,420.000,420.000,450.000,450.000
2015-09-05 12:00:00,31.013,156.659,47.529,198.950,510.000,,535.714,
2015-09-05 13:00:00,87.042,110.433,68.079,158.556,730.000,,705.714,
2015-09-05 14:00:00,529.834,358.706,400.733,391.754,740.000,,741.429,
2015-09-05 15:00:00,471.989,613.618,490.577,561.720,770.000,,768.571,
2015-09-05 16:00:00,683.225,723.062,672.308,682.344,900.000,900.000,868.571,
2015-09-05 17:00:00,970.546,912.698,952.010,860.397,1135.000,1135.000,1166.429,
2015-09-05 18:00:00,1169.528,1171.126,1147.345,1130.765,2030.000,,2080.000,
2015-09-05 19:00:00,1428.676,1674.945,1413.528,1624.103,2545.000,2545.000,2390.714,
2015-09-05 20:00:00,1880.340,2098.146,1841.360,2049.478,1690.000,1690.000,2212.857,2212.857
2015-09-05 21:00:00,2185.357,2457.561,2115.208,2375.797,2700.000,,2681.429,
2015-09-05 22:00:00,2278.619,1841.281,2160.818,1742.085,2285.000,2285.000,1840.714,1840.714
2015-09-05 23:00:00,2226.345,1538.872,2104.722,1565.129,1940.000,1940.000,1828.571,
2015-09-06 00:00:00,0.000,2391.069,0.000,2145.999,1650.000,,1641.429,
2015-09-06 01:00:00,101.783,759.448,100.456,834.172,1130.000,,1208.571,
2015-09-06 02:00:00,137.308,783.363,190.316,654.737,1930.000,1930.000,1624.286,
2015-09-06 03:00:00,211.899,603.040,161.408,565.321,960.000,,1456.429,
2015-09-06 04:00:00,243.707,533.792,204.212,499.616,1990.000,,2034.286,
2015-09-06 05:00:00,178.170,408.767,187.924,433.293,1180.000,,1102.857,
2015-09-06 06:00:00,132.866,407.119,180.139,394.617,1720.000,,1524.286,
2015-09-06 07:00:00,242.931,467.775,162.016,447.911,1450.000,,1458.571,
2015-09-06 08:00:00,116.437,413.584,126.810,424.042,1830.000,,1581.429,
2015-09-06 09:00:00,217.635,461.247,201.504,407.277,1630.000,1630.000,1309.286,1309.286
2015-09-06 10:00:00,243.511,415.326,247.635,365.340,400.000,400.000,397.143,397.143
2015-09-06 11:00:00,278.222,408.618,158.795,340.282,420.000,420.000,418.571,
2015-09-06 12:00:00,224.791,466.211,100.538,262.526,420.000,,424.286,
2015-09-06 13:00:00,125.230,277.484,145.832,271.442,380.000,380.000,397.143,397.143
2015-09-06 14:00:00,405.068,472.439,364.701,442.521,570.000,570.000,515.714,
2015-09-06 15:00:00,421.589,531.401,482.978,520.887,720.000,,674.286,
2015-09-06 16:00:00,645.474,666.242,622.622,642.468,720.000,720.000,718.571,
2015-09-06 17:00:00,778.969,872.533,783.049,855.109,770.000,770.000,1075.714,1075.714
2015-09-06 18:00:00,1120.847,1370.608,1116.551,1340.656,1540.000,1540.000,1552.857,
2015-09-06 19:00:00,1521.141,1755.935,1490.928,1696.911,1680.000,1680.000,1702.857,1702.857
2015-09-06 20:00:00,1751.625,2067.756,1715.196,2040.483,1950.000,1950.000,1904.286,1904.286
2015-09-06 21:00:00,2103.094,2434.385,2063.986,2372.385,2260.000,2260.000,2193.571,
2015-09-06 22:00:00,2343.924,2665.851,2289.916,2567.525,2560.000,2560.000,2307.143,
2015-09-06 23:00:00,2466.304,2832.183,2358.315,2601.116,2040.000,2040.000,1862.857,
2015-09-07 00:00:00,0.000,623.678,0.000,692.449,1530.000,,1527.143,
2015-09-07 01:00:00,192.595,550.573,183.470,617.865,1570.000,1570.000,1716.429,1716.429
2015-09-07 02:00:00,201.106,506.124,199.694,509.117,1010.000,,1137.143,
2015-09-07 03:00:00,95.442,351.991,161.277,406.986,940.000,,1173.571,
2015-09-07 04:00:00,19.801,266.794,132.733,331.988,1250.000,,1585.714,
2015-09-07 05:00:00,19.759,398.046,93.929,384.950,1130.000,,1222.857,
2015-09-07 06:00:00,19.715,402.369,72.840,335.622,1210.000,,1422.143,
2015-09-07 07:00:00,19.689,392.361,74.535,344.001,1290.000,,1232.857,
2015-09-07 08:00:00,37.117,407.658,53.696,320.655,1180.000,,1177.143,
2015-09-07 09:00:00,63.885,325.437,82.971,291.093,1790.000,,1286.429,
2015-09-07 10:00:00,19.636,321.107,49.102,232.995,1160.000,,1158.571,
2015-09-07 11:00:00,19.623,97.129,46.168,161.403,1390.000,1390.000,1102.857,
2015-09-07 12:00:00,62.867,178.499,52.875,156.481,710.000,,715.714,
2015-09-07 13:00:00,19.593,530.054,43.956,363.440,450.000,450.000,517.143,517.143
2015-09-07 14:00:00,260.871,464.465,264.848,440.826,460.000,460.000,465.714,465.714
2015-09-07 15:00:00,468.933,604.730,458.064,575.071,670.000,670.000,859.286,859.286
2015-09-07 16:00:00,661.316,756.224,650.865,722.240,860.000,860.000,963.571,963.571
2015-09-07 17:00:00,821.599,1054.373,815.107,1034.350,2010.000,2010.000,1941.429,1941.429
2015-09-07 18:00:00,1415.693,1405.074,1371.032,1381.945,2310.000,2310.000,2391.429,2391.429
2015-09-07 19:00:00,1766.539,1774.289,1721.448,1759.314,2450.000,2450.000,2466.429,2466.429
2015-09-07 20:00:00,2058.358,2125.305,2011.853,2105.154,2390.000,2390.000,2391.429,2391.429
2015-09-07 21:00:00,2301.197,2544.660,2190.524,2489.587,2410.000,2410.000,2570.714,2570.714
2015-09-07 22:00:00,2311.954,2760.872,2101.414,2707.617,2230.000,2230.000,2651.429,2651.429
2015-09-07 23:00:00,1910.106,2869.245,1742.991,2753.834,2430.000,2430.000,2655.714,2655.714
2015-09-08 00:00:00,0.000,702.393,0.000,859.433,2470.000,,2586.429,
2015-09-08 01:00:00,123.071,294.008,126.612,415.083,2210.000,,2244.286,
2015-09-08 02:00:00,149.974,378.371,134.691,401.440,1900.000,,1947.143,
2015-09-08 03:00:00,391.966,478.038,173.103,523.899,1790.000,1790.000,1857.857,
2015-09-08 04:00:00,262.091,463.853,239.625,503.400,1780.000,,1784.286,
2015-09-08 05:00:00,264.301,402.680,158.685,468.848,1870.000,,1880.000,
2015-09-08 06:00:00,201.712,219.868,146.271,257.687,2020.000,,1994.286,
2015-09-08 07:00:00,19.723,49.047,115.030,111.607,1710.000,1710.000,1817.143,1817.143
2015-09-08 08:00:00,74.089,43.950,137.606,70.987,1780.000,,1765.714,
2015-09-08 09:00:00,114.066,36.920,94.000,69.008,670.000,,1067.143,
2015-09-08 10:00:00,67.843,38.230,138.633,70.478,680.000,,685.714,
2015-09-08 11:00:00,42.326,24.163,80.061,43.589,710.000,710.000,705.714,705.714
2015-09-08 12:00:00,75.782,23.554,71.256,41.423,960.000,960.000,778.571,778.571
2015-09-08 13:00:00,27.424,32.687,43.654,49.402,570.000,570.000,594.286,594.286
2015-09-08 14:00:00,407.241,436.255,391.404,435.570,600.000,600.000,607.143,607.143
2015-09-08 15:00:00,562.448,602.407,537.260,584.179,690.000,690.000,792.857,792.857
2015-09-08 16:00:00,743.861,776.881,705.835,776.831,1010.000,1010.000,1007.143,
2015-09-08 17:00:00,893.628,1164.348,882.942,1155.110,1060.000,1060.000,1282.857,1282.857
2015-09-08 18:00:00,1266.020,1547.244,1225.924,1522.818,2550.000,2550.000,2007.857,2007.857
2015-09-08 19:00:00,1683.294,1946.347,1637.265,1908.967,1940.000,1940.000,2027.857,2027.857
2015-09-08 20:00:00,2006.122,2221.030,1943.784,2199.778,2460.000,2460.000,2406.429,2406.429
2015-09-08 21:00:00,2266.003,2559.832,2186.298,2495.859,2570.000,2570.000,2639.286,2639.286
2015-09-08 22:00:00,2582.889,2748.239,2449.173,2671.559,2600.000,2600.000,2674.286,
2015-09-08 23:00:00,2396.995,2596.516,2236.222,2509.546,2900.000,2900.000,2598.571,
2015-09-09 00:00:00,0.000,2372.327,0.000,2284.875,1940.000,,2042.857,
2015-09-09 01:00:00,268.477,1878.436,229.187,1299.047,2380.000,2380.000,2187.857,
2015-09-09 02:00:00,174.377,773.599,157.822,627.783,1445.000,,1722.143,
2015-09-09 03:00:00,98.747,535.150,79.119,508.132,690.000,,798.571,
2015-09-09 04:00:00,70.122,515.079,67.913,506.634,450.000,,567.143,
2015-09-09 05:00:00,60.348,602.788,58.481,516.605,780.000,780.000,770.000,770.000
2015-09-09 06:00:00,19.755,554.048,71.220,364.345,300.000,300.000,509.286,509.286
2015-09-09 07:00:00,19.732,300.376,37.334,259.448,600.000,600.000,624.286,624.286
2015-09-09 08:00:00,42.424,117.173,44.872,151.109,660.000,660.000,677.143,677.143
2015-09-09 09:00:00,22.015,57.174,42.968,113.586,680.000,680.000,704.286,704.286
2015-09-09 10:00:00,24.884,56.189,37.568,81.043,770.000,770.000,760.000,760.000
2015-09-09 11:00:00,19.650,53.011,35.507,68.532,770.000,770.000,630.000,630.000
2015-09-09 12:00:00,25.131,33.106,47.812,57.528,370.000,370.000,425.714,425.714
2015-09-09 13:00:00,83.069,57.651,64.428,80.417,380.000,380.000,402.857,402.857
2015-09-09 14:00:00,371.401,440.165,291.213,427.640,540.000,540.000,475.714,475.714
2015-09-09 15:00:00,599.128,561.270,619.453,542.384,590.000,590.000,660.000,660.000
2015-09-09 16:00:00,785.055,762.443,818.997,735.046,1000.000,,1041.429,
2015-09-09 17:00:00,1085.816,998.078,1052.583,989.450,1320.000,1320.000,1480.714,1480.714
2015-09-09 18:00:00,1391.787,1452.663,1345.940,1439.022,1770.000,1770.000,1852.857,1852.857
2015-09-09 19:00:00,1694.112,1831.152,1653.911,1804.291,2100.000,2100.000,2146.429,2146.429
2015-09-09 20:00:00,1935.312,2218.330,1897.660,2169.823,2220.000,2220.000,2447.857,2447.857
2015-09-09 21:00:00,2276.735,2380.939,2199.881,2379.180,2370.000,,2466.429,
2015-09-09 22:00:00,2455.555,2531.100,2368.132,2433.899,2650.000,,2659.286,
2015-09-09 23:00:00,2465.654,1759.212,2378.408,1586.435,2640.000,,2310.000,
2015-09-10 00:00:00,0.000,1263.201,0.000,1142.887,2290.000,,2281.429,
2015-09-10 01:00:00,136.790,666.316,140.617,684.010,1830.000,,1764.286,
2015-09-10 02:00:00,274.781,516.147,244.693,594.565,2070.000,2070.000,2002.857,
2015-09-10 03:00:00,84.858,445.772,129.280,523.062,2370.000,,2236.429,
2015-09-10 04:00:00,59.423,217.746,84.614,344.172,2150.000,,1964.286,
2015-09-10 05:00:00,68.697,371.555,91.623,402.875,2190.000,2190.000,1827.857,
2015-09-10 06:00:00,37.888,406.341,49.683,270.446,1140.000,1140.000,1175.714,1175.714
2015-09-10 07:00:00,67.033,192.510,96.467,178.608,360.000,360.000,652.143,652.143
2015-09-10 08:00:00,19.687,65.084,50.081,82.605,590.000,590.000,592.857,592.857
2015-09-10 09:00:00,19.650,49.104,38.578,52.100,1090.000,1090.000,960.000,
2015-09-10 10:00:00,19.639,37.652,24.227,47.955,1030.000,,1280.714,
2015-09-10 11:00:00,19.612,19.656,32.358,34.012,1600.000,1600.000,1157.143,
2015-09-10 12:00:00,21.612,19.644,34.221,25.681,610.000,610.000,541.429,541.429
2015-09-10 13:00:00,23.050,19.623,41.118,25.848,470.000,470.000,451.429,451.429
2015-09-10 14:00:00,257.976,325.673,263.224,307.938,490.000,490.000,502.857,502.857
2015-09-10 15:00:00,487.414,517.340,518.579,496.220,520.000,520.000,787.857,787.857
2015-09-10 16:00:00,738.666,693.374,712.140,674.591,890.000,890.000,975.000,975.000
2015-09-10 17:00:00,959.730,949.584,956.016,937.829,1770.000,1770.000,1712.143,1712.143
2015-09-10 18:00:00,1441.345,1324.506,1421.318,1294.525,1720.000,1720.000,1730.000,1730.000
2015-09-10 19:00:00,1881.833,1835.690,1849.500,1806.976,1860.000,,1821.429,
2015-09-10 20:00:00,2135.284,2270.288,2079.579,2141.756,1910.000,,1962.143,
2015-09-10 21:00:00,2393.087,2135.901,2360.550,1852.078,2580.000,,2338.571,
2015-09-10 22:00:00,2424.659,814.032,2249.360,1180.476,2670.000,2670.000,2504.286,
2015-09-10 23:00:00,2331.252,1809.472,2107.996,1843.677,1760.000,,1902.857,
2015-09-11 00:00:00,0.000,837.590,0.000,979.376,1615.000,1615.000,2040.000,2040.000
2015-09-11 01:00:00,307.434,417.079,175.978,386.058,2560.000,,2127.143,
2015-09-11 02:00:00,149.183,178.080,135.512,166.818,1660.000,1660.000,1652.143,
2015-09-11 03:00:00,85.467,73.272,107.357,96.492,1765.000,,1656.429,
2015-09-11 04:00:00,19.732,55.322,90.203,75.477,1575.000,,1165.714,
2015-09-11 05:00:00,65.941,57.134,79.423,65.185,600.000,600.000,598.571,598.571
2015-09-11 06:00:00,19.665,34.569,45.985,59.940,590.000,590.000,530.000,530.000
2015-09-11 07:00:00,19.664,38.699,56.035,51.127,510.000,510.000,481.429,481.429
2015-09-11 08:00:00,59.409,28.869,51.576,44.627,480.000,480.000,488.571,488.571
2015-09-11 09:00:00,19.660,52.230,30.516,54.352,530.000,530.000,531.429,531.429
2015-09-11 10:00:00,19.630,57.019,35.586,61.694,550.000,550.000,481.429,481.429
2015-09-11 11:00:00,19.606,57.839,41.463,59.911,780.000,780.000,597.143,597.143
2015-09-11 12:00:00,19.601,27.297,31.130,62.531,470.000,470.000,465.714,465.714
2015-09-11 13:00:00,19.584,57.271,28.887,62.946,480.000,480.000,474.286,474.286
2015-09-11 14:00:00,201.777,378.406,212.544,369.409,310.000,310.000,365.714,365.714
2015-09-11 15:00:00,430.083,577.487,441.162,566.155,490.000,490.000,544.286,544.286
2015-09-11 16:00:00,580.415,763.200,586.449,743.109,720.000,720.000,725.714,725.714
2015-09-11 17:00:00,861.034,1107.520,860.455,1077.879,1765.000,1765.000,1482.143,
2015-09-11 18:00:00,1189.087,1425.069,1232.193,1432.696,2255.000,,2161.429,
2015-09-11 19:00:00,1862.356,1837.650,1813.004,1778.834,1990.000,1990.000,2181.429,
2015-09-11 20:00:00,2140.327,2057.287,2142.164,1962.750,2340.000,,2160.000,
2015-09-11 21:00:00,2398.730,2238.143,2179.448,2025.305,2795.000,2795.000,2367.143,
2015-09-11 22:00:00,2433.738,1839.381,2080.760,1797.776,2150.000,2150.000,2251.429,
2015-09-11 23:00:00,2255.398,1729.608,1901.388,1687.938,2170.000,,2034.286,
2015-09-12 00:00:00,0.000,1270.509,0.000,1012.284,2290.000,,2267.143,
2015-09-12 01:00:00,205.712,468.321,151.079,637.687,2225.000,2225.000,2097.857,
2015-09-12 02:00:00,85.799,338.305,103.906,373.704,1440.000,1440.000,1208.571,1208.571
2015-09-12 03:00:00,30.484,304.607,52.532,322.076,580.000,580.000,555.714,555.714
2015-09-12 04:00:00,24.989,343.195,54.459,339.049,1465.000,1465.000,800.714,800.714
2015-09-12 05:00:00,19.731,342.266,56.528,331.152,430.000,,450.000,
2015-09-12 06:00:00,19.723,360.952,39.452,376.292,560.000,,530.000,
2015-09-12 07:00:00,19.695,383.833,48.346,371.799,590.000,590.000,604.286,
2015-09-12 08:00:00,19.666,401.154,46.802,382.077,720.000,720.000,652.857,
2015-09-12 09:00:00,19.636,307.471,52.328,302.780,520.000,,531.429,
2015-09-12 10:00:00,19.620,295.328,38.501,304.908,480.000,,478.571,
2015-09-12 11:00:00,19.617,321.168,52.440,322.461,830.000,,725.714,
2015-09-12 12:00:00,19.578,257.264,39.982,288.661,880.000,880.000,862.857,
2015-09-12 13:00:00,60.488,291.778,30.830,282.273,670.000,,690.000,
2015-09-12 14:00:00,249.225,377.020,247.147,423.703,690.000,690.000,681.429,
2015-09-12 15:00:00,500.095,723.470,501.748,690.137,800.000,800.000,805.714,805.714
2015-09-12 16:00:00,771.241,908.657,724.118,872.597,980.000,980.000,1032.857,1032.857
2015-09-12 17:00:00,1105.672,1065.542,1055.237,1042.767,1980.000,1980.000,1662.143,1662.143
2015-09-12 18:00:00,1358.086,1256.891,1338.499,1205.973,1530.000,1530.000,1737.857,
2015-09-12 19:00:00,1592.983,1514.299,1572.488,1471.819,1680.000,1680.000,1672.857,1672.857
2015-09-12 20:00:00,1903.060,1671.706,1818.661,1655.062,1760.000,1760.000,2025.714,2025.714
2015-09-12 21:00:00,2129.634,1899.047,2026.155,1848.862,2560.000,2560.000,2808.571,2808.571
2015-09-12 22:00:00,2233.208,2059.014,2123.304,1694.182,2860.000,2860.000,2802.857,2802.857
2015-09-12 23:00:00,1876.145,1287.633,1814.573,1264.490,1690.000,1690.000,1940.714,
2015-09-13 00:00:00,0.000,700.071,0.000,642.100,1680.000,1680.000,1862.143,
2015-09-13 01:00:00,102.829,474.712,124.087,460.752,1740.000,,1824.286,
2015-09-13 02:00:00,126.124,265.060,91.653,277.046,2260.000,2260.000,2038.571,
2015-09-13 03:00:00,63.565,303.761,114.520,287.718,1040.000,1040.000,1332.857,
2015-09-13 04:00:00,56.047,374.599,83.194,372.234,1050.000,,1047.143,
2015-09-13 05:00:00,105.128,368.226,125.630,377.740,1120.000,1120.000,1110.000,
2015-09-13 06:00:00,171.712,386.165,193.785,382.347,1660.000,1660.000,1235.714,
2015-09-13 07:00:00,118.714,364.483,185.096,362.194,820.000,,821.429,
2015-09-13 08:00:00,197.788,430.480,162.503,423.154,960.000,,1167.143,
2015-09-13 09:00:00,127.992,442.608,97.757,422.446,1710.000,,1768.571,
2015-09-13 10:00:00,71.194,469.551,127.795,390.712,1770.000,,1380.000,
2015-09-13 11:00:00,111.184,443.757,146.145,367.844,1510.000,,1330.714,
2015-09-13 12:00:00,227.777,358.018,195.192,281.793,1430.000,,1306.429,
2015-09-13 13:00:00,126.106,316.670,161.329,324.704,1460.000,1460.000,1298.571,
2015-09-13 14:00:00,404.008,375.519,402.860,383.411,680.000,,747.143,
2015-09-13 15:00:00,604.224,463.669,575.104,507.655,790.000,,732.857,
2015-09-13 16:00:00,679.147,770.261,682.853,748.785,1655.000,1655.000,1168.571,
2015-09-13 17:00:00,1009.753,1018.428,971.440,953.249,1000.000,1000.000,1344.286,
2015-09-13 18:00:00,1142.621,1182.839,1144.036,1129.869,1120.000,1120.000,1557.143,
2015-09-13 19:00:00,1506.068,1405.770,1425.745,1389.488,1000.000,,1679.286,
2015-09-13 20:00:00,1586.440,1817.514,1517.555,1770.037,2900.000,,2507.143,
2015-09-13 21:00:00,1881.896,2181.227,1803.831,2093.696,2365.000,,1984.286,
2015-09-13 22:00:00,1498.146,2126.730,1272.418,1887.286,1230.000,1230.000,1335.714,
2015-09-13 23:00:00,818.451,745.746,609.609,1072.931,1300.000,1300.000,1221.429,
2015-09-14 00:00:00,0.000,1633.259,0.000,1524.053,980.000,,827.143,
2015-09-14 01:00:00,22.973,528.680,140.565,725.042,1640.000,,1237.857,
2015-09-14 02:00:00,19.802,573.612,82.710,611.835,730.000,,742.857,
2015-09-14 03:00:00,168.719,549.292,169.967,547.914,530.000,,447.143,
2015-09-14 04:00:00,215.524,535.313,175.641,511.345,2265.000,2265.000,739.286,739.286
2015-09-14 05:00:00,215.623,460.105,200.492,466.740,680.000,,655.714,
2015-09-14 06:00:00,210.788,390.274,256.660,415.975,900.000,,717.143,
2015-09-14 07:00:00,209.941,398.726,218.804,393.474,860.000,,845.714,
2015-09-14 08:00:00,265.675,365.999,260.972,380.308,940.000,,940.000,
2015-09-14 09:00:00,327.373,311.271,300.907,360.871,400.000,,495.714,
2015-09-14 10:00:00,377.002,263.603,265.800,264.723,500.000,,542.143,
2015-09-14 11:00:00,138.391,267.848,204.342,275.511,440.000,,482.857,
2015-09-14 12:00:00,58.180,291.301,141.977,291.641,420.000,,425.714,
2015-09-14 13:00:00,284.005,333.445,235.332,307.905,420.000,,447.143,
2015-09-14 14:00:00,395.443,401.872,382.417,390.560,570.000,,561.429,
2015-09-14 15:00:00,541.604,465.225,489.046,507.169,590.000,,643.571,
2015-09-14 16:00:00,598.633,594.948,576.041,585.423,875.000,,720.714,
2015-09-14 17:00:00,710.757,744.079,706.964,724.021,770.000,770.000,903.571,
2015-09-14 18:00:00,1028.330,1012.775,1008.353,1025.722,1820.000,1820.000,1732.143,1732.143
2015-09-14 19:00:00,1458.130,1477.695,1419.838,1452.065,1250.000,1250.000,1272.143,1272.143
2015-09-14 20:00:00,1552.334,1815.613,1523.807,1784.179,1170.000,1170.000,1360.714,1360.714
2015-09-14 21:00:00,1931.462,2094.135,1851.184,2054.255,1220.000,1220.000,1221.429,
2015-09-14 22:00:00,1994.595,2319.727,1929.117,2261.833,2330.000,,1920.714,
2015-09-14 23:00:00,1990.691,726.394,1926.219,1180.414,3100.000,3100.000,3079.286,3079.286
2015-09-15 00:00:00,0.000,364.000,0.000,554.797,3170.000,3170.000,2797.143,2797.143
2015-09-15 01:00:00,246.333,306.942,265.135,395.094,2460.000,2460.000,2161.429,
2015-09-15 02:00:00,199.124,251.049,186.574,358.709,1590.000,,1254.286,
2015-09-15 03:00:00,61.604,260.491,110.916,341.228,770.000,,784.286,
2015-09-15 04:00:00,191.437,187.804,206.853,216.783,860.000,,845.714,
2015-09-15 05:00:00,178.004,400.597,196.264,395.690,700.000,,761.429,
2015-09-15 06:00:00,66.612,531.650,130.800,494.154,840.000,,802.857,
2015-09-15 07:00:00,155.693,350.717,125.141,366.301,700.000,,722.857,
2015-09-15 08:00:00,19.682,287.010,51.719,313.881,700.000,,700.000,
2015-09-15 09:00:00,68.815,286.548,75.042,275.748,710.000,,685.714,
2015-09-15 10:00:00,19.623,137.780,69.650,204.395,510.000,,514.286,
2015-09-15 11:00:00,19.603,115.720,87.752,194.650,590.000,,581.429,
2015-09-15 12:00:00,19.585,175.344,66.231,199.897,1220.000,,849.286,
2015-09-15 13:00:00,19.565,219.379,51.869,234.384,580.000,580.000,646.429,
2015-09-15 14:00:00,288.080,373.616,315.391,386.325,710.000,,580.000,
2015-09-15 15:00:00,418.887,381.150,453.395,462.269,440.000,440.000,552.857,
2015-09-15 16:00:00,512.659,603.347,512.060,615.351,820.000,820.000,818.571,818.571
2015-09-15 17:00:00,706.865,805.506,709.291,802.016,1000.000,1000.000,962.857,962.857
2015-09-15 18:00:00,1038.956,997.646,1032.157,997.580,1795.000,1795.000,1682.143,1682.143
2015-09-15 19:00:00,1494.709,1458.426,1455.099,1438.548,2510.000,2510.000,2198.571,2198.571
2015-09-15 20:00:00,1768.227,1824.808,1718.699,1799.007,1760.000,1760.000,1752.857,1752.857
2015-09-15 21:00:00,1998.707,2181.981,1942.844,1968.686,1870.000,1870.000,1864.286,1864.286
2015-09-15 22:00:00,2064.054,1441.252,2011.207,1340.092,2140.000,2140.000,2195.000,2195.000
2015-09-15 23:00:00,2002.497,988.696,1941.273,933.577,1050.000,,1400.714,
2015-09-16 00:00:00,0.000,411.006,0.000,383.182,1290.000,,1282.857,
2015-09-16 01:00:00,127.980,226.928,178.520,272.699,1630.000,,1412.143,
2015-09-16 02:00:00,240.247,352.622,204.631,297.220,1200.000,,1295.000,
2015-09-16 03:00:00,119.850,358.529,115.753,318.633,1490.000,,1461.429,
2015-09-16 04:00:00,216.610,271.968,226.383,280.137,1400.000,,1342.857,
2015-09-16 05:00:00,185.886,372.809,199.391,281.474,1070.000,,1072.857,
2015-09-16 06:00:00,59.236,352.173,127.517,295.465,860.000,860.000,971.429,
2015-09-16 07:00:00,58.411,252.611,127.138,273.362,1805.000,,1280.714,
2015-09-16 08:00:00,269.594,147.404,212.988,202.038,1020.000,,997.143,
2015-09-16 09:00:00,128.519,304.123,121.036,268.243,790.000,,721.429,
2015-09-16 10:00:00,126.820,450.638,143.048,333.104,620.000,,598.571,
2015-09-16 11:00:00,186.559,475.017,187.834,392.586,430.000,,499.286,
2015-09-16 12:00:00,304.083,371.842,218.455,307.855,400.000,,418.571,
2015-09-16 13:00:00,273.232,406.121,181.033,236.087,440.000,,425.714,
2015-09-16 14:00:00,392.111,535.119,377.811,489.808,580.000,580.000,530.714,
2015-09-16 15:00:00,576.472,655.348,562.531,631.116,810.000,,797.143,
2015-09-16 16:00:00,785.505,879.596,750.658,841.245,1550.000,,1333.571,
2015-09-16 17:00:00,968.641,1062.229,937.059,1052.530,1405.000,,1382.143,
2015-09-16 18:00:00,1142.724,1405.893,1126.187,1346.998,1200.000,,1187.143,
2015-09-16 19:00:00,1417.413,1663.790,1384.347,1593.711,1280.000,1280.000,1310.000,
2015-09-16 20:00:00,1716.338,1796.718,1658.064,1723.707,1440.000,1440.000,1652.143,1652.143
2015-09-16 21:00:00,1802.737,1596.870,1763.020,1360.110,2890.000,2890.000,2654.286,2654.286
2015-09-16 22:00:00,1669.380,1614.540,1570.686,1520.782,1810.000,,1950.000,
2015-09-16 23:00:00,469.456,1215.744,506.074,1121.886,2080.000,,1881.429,
2015-09-17 00:00:00,0.000,611.577,0.000,581.883,750.000,,1194.286,
2015-09-17 01:00:00,229.225,467.752,216.007,516.964,620.000,,915.000,
2015-09-17 02:00:00,315.541,252.511,271.503,296.762,700.000,700.000,1010.000,1010.000
2015-09-17 03:00:00,315.710,280.841,309.640,249.478,430.000,430.000,1270.000,1270.000
2015-09-17 04:00:00,381.089,311.689,316.826,277.528,500.000,500.000,1280.000,
2015-09-17 05:00:00,306.727,318.508,290.012,328.454,260.000,,371.429,
2015-09-17 06:00:00,278.236,362.899,263.422,368.902,440.000,,432.857,
2015-09-17 07:00:00,285.017,342.179,264.566,395.708,280.000,,397.143,
2015-09-17 08:00:00,214.934,293.096,203.078,331.196,290.000,,604.286,
2015-09-17 09:00:00,200.194,250.101,193.105,301.116,1340.000,,980.714,
2015-09-17 10:00:00,137.749,221.163,159.223,255.270,1590.000,,854.286,
2015-09-17 11:00:00,126.097,298.794,170.001,217.152,280.000,,445.714,
2015-09-17 12:00:00,181.148,359.324,200.852,228.852,400.000,400.000,338.571,
2015-09-17 13:00:00,35.008,475.214,87.026,325.187,280.000,280.000,337.143,337.143
2015-09-17 14:00:00,399.453,425.613,381.410,391.457,290.000,,292.857,
2015-09-17 15:00:00,598.176,578.289,564.070,534.273,320.000,,805.000,
2015-09-17 16:00:00,765.897,711.889,723.331,667.204,2255.000,,1895.714,
2015-09-17 17:00:00,914.791,835.088,891.638,818.839,1340.000,,1872.143,
2015-09-17 18:00:00,1141.699,1226.592,1119.570,1204.808,1310.000,1310.000,1594.286,1594.286
2015-09-17 19:00:00,1523.511,1717.428,1506.752,1662.266,1560.000,1560.000,1492.143,1492.143
2015-09-17 20:00:00,1927.584,1873.944,1877.726,1879.175,2250.000,2250.000,2215.000,2215.000
2015-09-17 21:00:00,1855.698,2159.711,1733.987,2067.652,2880.000,2880.000,2630.714,2630.714
2015-09-17 22:00:00,1242.169,1844.195,1253.865,1797.730,2255.000,2255.000,1913.571,
2015-09-17 23:00:00,611.102,790.854,739.000,822.508,910.000,,1201.429,
2015-09-18 00:00:00,0.000,250.101,0.000,415.442,1480.000,,1380.714,
2015-09-18 01:00:00,126.020,258.399,110.078,299.060,1655.000,,1286.429,
2015-09-18 02:00:00,122.574,406.951,132.566,475.422,1310.000,,1258.571,
2015-09-18 03:00:00,88.399,679.968,88.930,553.405,1060.000,,1137.857,
2015-09-18 04:00:00,142.723,234.912,168.992,253.725,1510.000,,1501.429,
2015-09-18 05:00:00,259.631,423.735,219.945,389.564,1500.000,,1204.286,
2015-09-18 06:00:00,203.219,464.232,200.126,410.773,1430.000,,1084.286,
2015-09-18 07:00:00,190.199,422.564,176.352,394.804,1695.000,,1195.000,
2015-09-18 08:00:00,277.687,479.574,254.263,401.383,550.000,,471.429,
2015-09-18 09:00:00,259.507,474.538,234.806,373.437,290.000,,481.429,
2015-09-18 10:00:00,257.857,380.616,223.384,341.946,690.000,,748.571,
2015-09-18 11:00:00,152.844,394.581,137.029,312.785,830.000,,868.571,
2015-09-18 12:00:00,58.273,387.742,81.129,265.572,880.000,,1130.714,
2015-09-18 13:00:00,37.226,419.704,57.184,261.795,1380.000,,1450.000,
2015-09-18 14:00:00,334.853,407.272,330.178,412.395,1510.000,,1241.429,
2015-09-18 15:00:00,467.496,536.411,457.294,517.766,630.000,,635.714,
2015-09-18 16:00:00,529.939,671.264,525.617,652.035,1000.000,1000.000,845.714,845.714
2015-09-18 17:00:00,733.433,841.149,724.542,830.725,1190.000,1190.000,1160.000,1160.000
2015-09-18 18:00:00,989.953,1419.212,968.948,1361.865,1300.000,1300.000,1354.286,1354.286
2015-09-18 19:00:00,1380.027,1820.588,1357.533,1791.089,1680.000,1680.000,1600.000,1600.000
2015-09-18 20:00:00,1943.964,2143.865,1848.602,2110.830,1670.000,1670.000,1725.714,1725.714
2015-09-18 21:00:00,2207.209,2469.640,2143.214,2350.413,1970.000,1970.000,1898.571,1898.571
2015-09-18 22:00:00,1365.499,1799.742,1570.681,1724.415,1690.000,1690.000,1761.429,
2015-09-18 23:00:00,891.443,2045.356,1014.308,1465.660,1540.000,1540.000,1517.143,
2015-09-19 00:00:00,0.000,2345.936,0.000,1847.427,1210.000,,1217.143,
2015-09-19 01:00:00,113.122,687.241,104.771,732.108,1590.000,1590.000,1427.857,
2015-09-19 02:00:00,88.035,685.907,90.232,666.469,1330.000,,1315.714,
2015-09-19 03:00:00,105.504,688.965,91.302,590.908,1220.000,,1228.571,
2015-09-19 04:00:00,178.130,531.974,151.805,480.446,1180.000,,1210.000,
2015-09-19 05:00:00,123.653,547.590,112.280,463.980,1530.000,,1457.857,
2015-09-19 06:00:00,182.498,439.802,138.192,429.212,1350.000,,1479.286,
2015-09-19 07:00:00,205.005,406.670,178.293,399.991,2020.000,2020.000,1431.429,
2015-09-19 08:00:00,105.630,378.868,159.216,390.186,910.000,,905.714,
2015-09-19 09:00:00,143.504,387.385,133.083,400.014,890.000,890.000,891.429,891.429
2015-09-19 10:00:00,186.578,409.535,192.772,387.948,460.000,460.000,648.571,
2015-09-19 11:00:00,233.054,383.645,221.032,394.801,470.000,,462.857,
2015-09-19 12:00:00,241.910,413.176,188.957,369.304,630.000,,588.571,
2015-09-19 13:00:00,180.127,481.980,167.047,398.329,780.000,780.000,675.714,
2015-09-19 14:00:00,257.676,542.171,326.316,461.841,480.000,480.000,494.286,494.286
2015-09-19 15:00:00,528.882,569.965,487.593,528.089,660.000,660.000,640.000,640.000
2015-09-19 16:00:00,683.556,652.689,659.637,636.540,865.000,865.000,854.286,854.286
2015-09-19 17:00:00,871.259,765.973,850.394,758.192,1535.000,1535.000,1379.286,1379.286
2015-09-19 18:00:00,1128.959,1085.254,1139.358,1080.620,1710.000,1710.000,1830.714,1830.714
2015-09-19 19:00:00,1749.401,1416.457,1710.763,1412.329,2070.000,2070.000,2058.571,2058.571
2015-09-19 20:00:00,1944.127,1782.881,1925.017,1764.674,2180.000,2180.000,2252.857,2252.857
2015-09-19 21:00:00,2149.143,2038.444,2105.230,2021.269,2480.000,2480.000,2565.714,2565.714
2015-09-19 22:00:00,2327.309,2295.494,2249.808,2232.126,2710.000,2710.000,2702.857,2702.857
2015-09-19 23:00:00,2479.348,2205.416,2394.050,2251.757,2610.000,,2628.571,
2015-09-20 00:00:00,0.000,2161.910,0.000,2052.519,2360.000,,2397.143,
2015-09-20 01:00:00,134.525,2010.082,122.915,1464.536,2160.000,,2055.714,
2015-09-20 02:00:00,122.470,686.358,125.816,632.594,1480.000,,1508.571,
2015-09-20 03:00:00,187.917,685.460,182.511,598.502,1430.000,,1504.286,
2015-09-20 04:00:00,96.295,473.258,237.692,478.449,1570.000,,1560.000,
2015-09-20 05:00:00,246.751,510.746,245.796,425.507,1580.000,,1584.286,
2015-09-20 06:00:00,145.066,354.308,140.100,351.115,1600.000,,1595.714,
2015-09-20 07:00:00,67.181,351.141,145.944,356.671,1670.000,,1631.429,
2015-09-20 08:00:00,32.115,379.908,118.717,365.058,1370.000,,1318.571,
2015-09-20 09:00:00,100.243,374.380,166.322,348.354,1030.000,,1025.714,
2015-09-20 10:00:00,104.142,374.372,224.073,341.304,870.000,,904.286,
2015-09-20 11:00:00,192.268,351.975,251.063,335.139,950.000,,1002.857,
2015-09-20 12:00:00,222.190,366.797,288.803,343.969,620.000,,694.286,
2015-09-20 13:00:00,262.465,405.549,241.909,374.760,600.000,,887.857,
2015-09-20 14:00:00,357.235,373.249,400.383,395.656,1280.000,,1102.857,
2015-09-20 15:00:00,556.219,489.636,555.207,498.673,520.000,520.000,687.857,687.857
2015-09-20 16:00:00,733.715,688.402,727.369,656.754,890.000,890.000,1007.143,1007.143
2015-09-20 17:00:00,869.192,767.310,864.754,738.436,1190.000,1190.000,1611.429,1611.429
2015-09-20 18:00:00,1196.276,936.662,1160.449,927.036,1815.000,1815.000,2112.143,2112.143
2015-09-20 19:00:00,1492.521,1267.128,1471.797,1260.525,2330.000,2330.000,2293.571,2293.571
2015-09-20 20:00:00,1805.020,1566.396,1788.098,1539.194,2050.000,2050.000,1994.286,
2015-09-20 21:00:00,2153.869,1802.277,2062.280,1767.243,2060.000,,2288.571,
2015-09-20 22:00:00,2392.306,1869.687,2291.386,1867.841,3010.000,,2950.000,
2015-09-20 23:00:00,2211.721,2061.475,2281.747,2009.721,2740.000,,2741.429,
2015-09-21 00:00:00,0.000,2070.283,0.000,1902.471,1530.000,1530.000,2044.286,
2015-09-21 01:00:00,152.212,739.828,131.408,987.305,1480.000,,1488.571,
2015-09-21 02:00:00,130.124,793.765,131.731,598.822,1460.000,,1490.000,
2015-09-21 03:00:00,77.052,414.979,97.316,457.228,1020.000,,1097.143,
2015-09-21 04:00:00,215.915,459.280,232.899,446.697,1050.000,1050.000,1230.714,
2015-09-21 05:00:00,165.315,466.946,217.974,426.470,1280.000,1280.000,1565.000,
2015-09-21 06:00:00,109.358,404.134,197.494,389.627,1700.000,,1720.714,
2015-09-21 07:00:00,215.985,358.305,265.692,360.522,1170.000,,1412.857,
2015-09-21 08:00:00,265.506,377.123,259.556,411.492,1290.000,,1274.286,
2015-09-21 09:00:00,363.183,373.966,306.010,369.949,1090.000,,1184.286,
2015-09-21 10:00:00,364.494,347.350,304.128,357.178,1290.000,,1217.143,
2015-09-21 11:00:00,352.739,302.173,296.492,356.561,850.000,,842.857,
2015-09-21 12:00:00,410.532,427.608,310.585,398.848,770.000,,792.857,
2015-09-21 13:00:00,328.547,483.247,298.996,403.750,890.000,890.000,772.857,
2015-09-21 14:00:00,383.415,437.805,373.213,451.225,740.000,,795.000,
2015-09-21 15:00:00,554.180,601.145,495.335,559.037,770.000,,708.571,
2015-09-21 16:00:00,673.335,675.673,639.392,627.733,1620.000,,1254.286,
2015-09-21 17:00:00,817.889,797.378,813.527,772.901,850.000,,987.143,
2015-09-21 18:00:00,1044.104,990.299,1010.870,962.269,1000.000,1000.000,1184.286,
2015-09-21 19:00:00,1251.532,1262.506,1237.049,1239.914,1370.000,1370.000,1532.857,1532.857
2015-09-21 20:00:00,1519.623,1592.627,1489.843,1535.852,2250.000,2250.000,1887.857,1887.857
2015-09-21 21:00:00,1740.193,1834.898,1703.909,1768.512,2410.000,2410.000,1911.429,1911.429
2015-09-21 22:00:00,1868.985,2030.099,1840.189,1955.550,2060.000,2060.000,1972.857,1972.857
2015-09-21 23:00:00,1892.516,2007.690,1899.320,1922.919,1940.000,1940.000,1851.429,
2015-09-22 00:00:00,0.000,1953.118,0.000,1656.215,2230.000,2230.000,1894.286,
2015-09-22 01:00:00,82.947,772.850,82.593,885.314,1810.000,,1772.857,
2015-09-22 02:00:00,79.282,595.255,109.980,564.570,1690.000,,1698.571,
2015-09-22 03:00:00,53.132,540.949,259.985,493.861,1830.000,,1844.286,
2015-09-22 04:00:00,319.129,463.835,321.620,428.081,1960.000,,1937.143,
2015-09-22 05:00:00,249.760,473.026,223.228,437.710,1930.000,,1937.143,
2015-09-22 06:00:00,126.069,449.139,142.053,411.721,,,,
2015-09-22 07:00:00,158.850,384.864,160.722,356.970,,,,
2015-09-22 08:00:00,172.692,374.537,189.184,360.449,,,,
2015-09-22 09:00:00,131.203,352.388,238.072,352.541,,,,
2015-09-22 10:00:00,287.018,341.977,298.798,362.306,,,,
2015-09-22 11:00:00,319.278,352.621,299.719,379.797,,,,
2015-09-22 12:00:00,351.973,298.104,331.498,369.255,,,,
2015-09-22 13:00:00,349.879,321.062,324.403,347.300,,,,
2015-09-22 14:00:00,417.220,525.240,417.938,467.453,,,,
2015-09-22 15:00:00,538.690,661.881,535.003,596.770,,,,
2015-09-22 16:00:00,674.473,721.037,636.908,689.684,,,,
2015-09-22 17:00:00,769.476,910.355,754.207,854.250,,,,
2015-09-22 18:00:00,951.848,1069.699,918.542,1061.300,,,,
2015-09-22 19:00:00,1151.625,1378.734,1150.842,1347.158,,,,
2015-09-22 20:00:00,1483.030,1599.520,1415.668,1596.233,,,,
2015-09-22 21:00:00,1695.812,1893.877,1657.383,1857.818,,,,
2015-09-22 22:00:00,1880.275,2070.657,1826.418,1995.322,,,,
2015-09-22 23:00:00,1984.047,2161.603,1894.135,2078.789,,,,
2015-09-23 00:00:00,0.000,2043.534,0.000,1920.713,,,,
2015-09-23 01:00:00,79.878,1085.053,67.855,1115.653,,,,
2015-09-23 02:00:00,60.490,1104.480,48.233,870.181,,,,
2015-09-23 03:00:00,539.248,783.565,517.779,639.285,,,,
2015-09-23 04:00:00,112.737,479.202,263.900,418.649,,,,
2015-09-23 05:00:00,356.040,505.507,297.976,450.268,,,,
2015-09-23 06:00:00,214.877,378.861,264.660,381.168,,,,
2015-09-23 07:00:00,307.130,351.825,269.892,342.147,,,,
2015-09-23 08:00:00,403.677,359.841,348.554,345.018,,,,
2015-09-23 09:00:00,354.713,336.030,341.426,343.733,,,,
2015-09-23 10:00:00,355.241,305.220,336.893,320.670,,,,
2015-09-23 11:00:00,435.530,371.049,381.182,338.908,,,,
2015-09-23 12:00:00,441.579,355.285,399.329,388.156,,,,
2015-09-23 13:00:00,457.457,286.384,419.682,340.729,,,,
2015-09-23 14:00:00,436.172,459.590,456.711,492.921,,,,
2015-09-23 15:00:00,592.914,699.157,535.326,658.227,,,,
2015-09-23 16:00:00,681.070,786.285,647.418,738.514,,,,
2015-09-23 17:00:00,794.503,913.440,754.096,871.807,,,,
2015-09-23 18:00:00,999.244,1067.181,971.346,1037.451,,,,
2015-09-23 19:00:00,1210.177,1341.498,1166.786,1269.984,,,,
2015-09-23 20:00:00,1435.592,1590.441,1413.505,1549.933,,,,
2015-09-23 21:00:00,1694.967,1901.900,1662.548,1867.556,,,,
2015-09-23 22:00:00,1930.554,2043.429,1875.342,2009.566,,,,
2015-09-23 23:00:00,2015.195,2281.979,1922.604,2188.747,,,,
2015-09-24 00:00:00,0.000,791.016,0.000,1065.646,,,,
2015-09-24 01:00:00,102.327,973.605,81.380,898.972,,,,
2015-09-24 02:00:00,68.811,774.126,66.844,709.536,,,,
2015-09-24 03:00:00,427.583,544.814,300.121,510.122,,,,
2015-09-24 04:00:00,292.625,466.936,208.976,441.425,,,,
2015-09-24 05:00:00,283.774,471.819,224.695,455.286,,,,
2015-09-24 06:00:00,35.930,469.131,176.269,435.499,1480.000,,,
2015-09-24 07:00:00,139.021,428.357,196.424,413.672,1470.000,,1487.143,
2015-09-24 08:00:00,136.185,437.736,192.985,427.497,1600.000,,1487.143,
2015-09-24 09:00:00,128.329,443.204,204.835,442.083,1470.000,,1305.000,
2015-09-24 10:00:00,95.035,472.116,170.907,461.462,980.000,,1118.571,
2015-09-24 11:00:00,212.379,527.415,189.836,466.882,960.000,,951.429,
2015-09-24 12:00:00,104.169,420.323,199.658,417.814,870.000,,948.571,
2015-09-24 13:00:00,339.502,400.456,272.457,415.085,1000.000,,995.714,
2015-09-24 14:00:00,509.163,520.866,451.547,475.111,880.000,,895.714,
2015-09-24 15:00:00,613.607,600.555,588.176,575.121,940.000,,967.143,
2015-09-24 16:00:00,761.997,670.373,710.192,644.356,1020.000,,1073.571,
2015-09-24 17:00:00,938.529,796.389,880.968,771.785,1360.000,,1386.429,
2015-09-24 18:00:00,1101.935,1014.594,1083.271,1019.968,1600.000,1600.000,1575.000,
2015-09-24 19:00:00,1336.596,1251.893,1297.042,1248.157,2030.000,,1974.286,
2015-09-24 20:00:00,1566.339,1594.933,1514.000,1551.310,1950.000,1950.000,2121.429,2121.429
2015-09-24 21:00:00,1749.211,1913.692,1702.846,1836.710,1680.000,1680.000,1963.571,1963.571
2015-09-24 22:00:00,2035.082,2156.826,1954.851,2067.299,1650.000,,1875.714,
2015-09-24 23:00:00,1933.418,2114.611,1908.250,2047.568,1680.000,1680.000,1946.429,
2015-09-25 00:00:00,0.000,2073.998,0.000,1843.641,1790.000,1790.000,1801.429,
2015-09-25 01:00:00,64.729,1093.791,73.396,852.325,2080.000,,1981.429,
2015-09-25 02:00:00,84.607,764.987,250.727,680.165,1480.000,,1708.571,
2015-09-25 03:00:00,477.728,600.870,433.245,545.411,1560.000,,1274.286,
2015-09-25 04:00:00,379.291,527.501,368.540,497.682,870.000,,1013.571,
2015-09-25 05:00:00,362.482,527.891,342.511,479.253,740.000,,974.286,
2015-09-25 06:00:00,359.457,480.547,306.405,470.516,,,,
2015-09-25 07:00:00,183.412,470.992,253.202,450.372,,,,
2015-09-25 08:00:00,290.943,421.623,296.252,433.573,,,,
2015-09-25 09:00:00,283.888,449.420,289.701,427.985,,,,
2015-09-25 10:00:00,350.266,445.074,317.301,447.007,,,,
2015-09-25 11:00:00,359.751,481.317,322.396,427.888,,,,
2015-09-25 12:00:00,365.438,527.305,320.759,436.413,,,,
2015-09-25 13:00:00,321.872,508.892,325.072,433.854,,,,
2015-09-25 14:00:00,523.005,599.616,468.099,530.867,,,,
2015-09-25 15:00:00,679.806,788.350,612.862,716.862,,,,
2015-09-25 16:00:00,771.037,880.205,718.543,859.925,,,,
2015-09-25 17:00:00,931.562,1038.803,907.819,998.668,,,,
2015-09-25 18:00:00,1223.785,1178.396,1189.020,1148.752,,,,
2015-09-25 19:00:00,1445.439,1418.957,1428.650,1367.635,,,,
2015-09-25 20:00:00,1765.528,1705.272,1721.146,1653.877,,,,
2015-09-25 21:00:00,1920.959,1965.927,1886.128,1899.435,,,,
2015-09-25 22:00:00,2023.123,2107.850,1973.183,1999.045,,,,
2015-09-25 23:00:00,2029.469,2060.656,2011.691,1983.421,,,,
2015-09-26 00:00:00,0.000,2025.117,0.000,1804.764,,,,
2015-09-26 01:00:00,62.677,767.688,260.259,871.066,,,,
2015-09-26 02:00:00,219.935,1012.037,222.207,794.573,,,,
2015-09-26 03:00:00,450.855,774.142,377.945,663.751,,,,
2015-09-26 04:00:00,469.207,528.104,375.341,490.993,,,,
2015-09-26 05:00:00,467.178,600.468,367.032,480.693,,,,
2015-09-26 06:00:00,439.553,495.387,340.684,410.266,1700.000,,,
2015-09-26 07:00:00,350.323,444.819,295.336,398.843,1000.000,,1334.286,
2015-09-26 08:00:00,388.866,384.629,313.359,359.163,990.000,,855.714,
2015-09-26 09:00:00,260.514,401.318,284.691,348.891,1020.000,,839.286,
2015-09-26 10:00:00,277.636,385.865,269.374,342.089,820.000,,810.000,
2015-09-26 11:00:00,225.194,403.547,256.484,350.022,570.000,,605.714,
2015-09-26 12:00:00,278.595,414.161,312.576,376.734,460.000,,397.143,
2015-09-26 13:00:00,329.262,401.193,348.807,371.570,300.000,,499.286,
2015-09-26 14:00:00,520.319,541.823,429.757,438.393,330.000,,725.000,
2015-09-26 15:00:00,491.906,482.035,518.694,499.637,360.000,,564.286,
2015-09-26 16:00:00,756.052,596.467,728.619,588.453,440.000,,467.143,
2015-09-26 17:00:00,906.324,808.554,886.275,802.305,810.000,,741.429,
2015-09-26 18:00:00,1103.048,1243.104,1077.315,1228.020,1000.000,,1008.571,
2015-09-26 19:00:00,1290.238,1592.587,1278.143,1510.094,1200.000,,1175.714,
2015-09-26 20:00:00,1520.081,1933.723,1482.187,1741.372,1430.000,,1382.857,
2015-09-26 21:00:00,1677.082,2213.647,1673.757,2048.065,390.000,,865.000,
2015-09-26 22:00:00,1842.416,2058.256,1884.513,1986.897,440.000,,542.857,
2015-09-26 23:00:00,2025.573,1852.903,1955.949,1742.553,700.000,,791.429,
2015-09-27 00:00:00,0.000,349.165,0.000,326.996,670.000,670.000,1517.143,
2015-09-27 01:00:00,374.853,352.143,384.094,319.130,2560.000,,2565.714,
2015-09-27 02:00:00,351.685,326.391,338.788,312.420,1970.000,1970.000,2221.429,
2015-09-27 03:00:00,280.016,265.250,292.559,273.014,2430.000,,2437.143,
2015-09-27 04:00:00,264.755,80.516,282.580,167.908,1110.000,,1893.571,
2015-09-27 05:00:00,280.488,38.494,292.465,77.822,1520.000,,1265.000,
2015-09-27 06:00:00,252.490,57.850,303.477,82.095,1020.000,,958.571,
2015-09-27 07:00:00,319.865,34.441,371.072,56.663,1370.000,,1260.714,
2015-09-27 08:00:00,343.721,29.486,359.096,56.854,830.000,830.000,1140.000,
2015-09-27 09:00:00,247.032,25.146,282.787,64.534,850.000,,647.857,
2015-09-27 10:00:00,251.597,49.939,308.667,65.040,490.000,,527.857,
2015-09-27 11:00:00,380.891,31.718,357.106,54.365,480.000,,488.571,
2015-09-27 12:00:00,281.632,19.471,312.163,33.039,510.000,,525.714,
2015-09-27 13:00:00,388.406,19.461,306.483,51.002,620.000,,612.857,
2015-09-27 14:00:00,421.705,166.132,362.647,202.280,700.000,,722.143,
2015-09-27 15:00:00,521.653,401.620,467.014,369.349,510.000,,508.571,
2015-09-27 16:00:00,611.247,477.334,568.903,483.512,670.000,,681.429,
2015-09-27 17:00:00,672.995,562.227,659.590,561.341,890.000,,951.429,
2015-09-27 18:00:00,797.304,477.412,804.076,504.132,1445.000,1445.000,1515.000,1515.000
2015-09-27 19:00:00,1068.325,428.607,980.323,481.235,2470.000,,2237.857,
2015-09-27 20:00:00,400.688,383.074,439.986,445.887,1670.000,1670.000,1896.429,
2015-09-27 21:00:00,279.305,397.849,339.293,445.125,1180.000,1180.000,1387.143,
2015-09-27 22:00:00,343.479,462.635,337.452,474.733,1350.000,,1337.857,
2015-09-27 23:00:00,356.160,527.381,330.054,500.907,2590.000,,2120.000,
2015-09-28 00:00:00,0.000,439.654,0.000,418.066,2240.000,,2307.143,
2015-09-28 01:00:00,140.179,366.834,162.397,355.203,2140.000,,2142.857,
2015-09-28 02:00:00,173.956,350.965,178.131,330.060,2015.000,,1829.286,
2015-09-28 03:00:00,182.094,346.753,166.220,330.105,1750.000,,1745.714,
2015-09-28 04:00:00,244.600,349.229,197.234,324.049,2090.000,,1414.286,
2015-09-28 05:00:00,237.237,263.741,227.128,250.178,670.000,,670.000,
2015-09-28 06:00:00,265.767,286.006,217.381,261.517,700.000,,760.714,
2015-09-28 07:00:00,182.600,250.488,191.907,233.234,490.000,,618.571,
2015-09-28 08:00:00,59.339,271.654,164.419,248.680,570.000,,570.000,
2015-09-28 09:00:00,36.904,266.906,123.859,247.895,630.000,,537.143,
2015-09-28 10:00:00,22.120,302.111,102.643,272.286,430.000,,380.000,
2015-09-28 11:00:00,56.164,258.351,155.165,233.763,340.000,,555.714,
2015-09-28 12:00:00,125.400,301.495,101.311,261.424,280.000,,288.571,
2015-09-28 13:00:00,103.988,308.530,178.325,279.850,400.000,,407.143,
2015-09-28 14:00:00,402.187,293.963,318.854,292.234,1000.000,,975.000,
2015-09-28 15:00:00,401.910,380.332,371.307,363.874,1700.000,,1692.857,
2015-09-28 16:00:00,455.000,434.620,433.233,420.950,1890.000,,1890.000,
2015-09-28 17:00:00,524.520,429.483,523.792,400.600,1910.000,,1925.714,
2015-09-28 18:00:00,484.362,458.506,493.769,420.991,1960.000,,1940.000,
2015-09-28 19:00:00,668.637,574.419,648.169,519.111,1840.000,,1837.143,
2015-09-28 20:00:00,641.572,617.990,648.036,604.106,1720.000,,1688.571,
2015-09-28 21:00:00,675.804,542.455,630.310,500.097,1520.000,,1524.286,
2015-09-28 22:00:00,426.154,538.463,477.171,511.544,1500.000,,1427.143,
2015-09-28 23:00:00,433.365,496.420,434.307,464.361,920.000,,975.714,
2015-09-29 00:00:00,0.000,507.430,0.000,444.077,880.000,,811.429,
2015-09-29 01:00:00,152.882,472.475,179.093,455.189,1065.000,,732.143,
2015-09-29 02:00:00,263.450,337.895,268.754,329.323,450.000,,540.714,
2015-09-29 03:00:00,251.664,292.844,237.149,276.759,860.000,,838.571,
2015-09-29 04:00:00,199.469,210.658,193.739,220.625,860.000,,904.286,
2015-09-29 05:00:00,213.882,292.508,215.075,252.835,740.000,,760.000,
2015-09-29 06:00:00,201.972,239.125,215.907,244.484,690.000,,691.429,
2015-09-29 07:00:00,222.145,299.021,222.775,263.076,670.000,,672.857,
2015-09-29 08:00:00,230.142,333.788,220.267,293.716,680.000,680.000,668.571,
2015-09-29 09:00:00,214.561,361.721,216.206,325.175,500.000,500.000,561.429,
2015-09-29 10:00:00,280.406,341.545,268.602,301.659,530.000,,532.857,
2015-09-29 11:00:00,305.486,332.410,282.163,296.165,760.000,,757.143,
2015-09-29 12:00:00,253.367,316.637,255.960,291.597,1190.000,,1177.143,
2015-09-29 13:00:00,233.749,380.500,223.538,332.571,1270.000,,1397.143,
2015-09-29 14:00:00,238.129,382.092,239.054,339.283,1670.000,,1677.143,
2015-09-29 15:00:00,352.322,373.642,325.129,342.264,2050.000,2050.000,2011.429,
2015-09-29 16:00:00,361.621,440.545,340.487,454.563,1920.000,,1987.143,
2015-09-29 17:00:00,456.729,659.161,431.698,615.612,2335.000,,2329.286,
2015-09-29 18:00:00,549.715,766.109,514.036,730.286,2510.000,,2500.000,
2015-09-29 19:00:00,612.150,914.103,511.049,868.540,1920.000,,2095.714,
2015-09-29 20:00:00,578.846,999.839,536.098,992.489,1770.000,,1787.143,
2015-09-29 21:00:00,538.208,1215.254,517.014,1188.178,1700.000,,1722.857,
2015-09-29 22:00:00,501.113,1327.847,439.404,1300.798,2900.000,,2382.857,
2015-09-29 23:00:00,250.334,1435.485,287.305,1299.457,1660.000,,2147.143,
2015-09-30 00:00:00,0.000,1106.667,0.000,903.415,2210.000,,2109.286,
2015-09-30 01:00:00,49.575,599.793,60.954,593.690,1230.000,,1627.143,
2015-09-30 02:00:00,97.297,527.580,105.847,553.532,1450.000,,1650.714,
2015-09-30 03:00:00,75.036,484.690,120.828,528.618,2260.000,2260.000,2075.000,
2015-09-30 04:00:00,63.352,451.571,66.190,458.572,2060.000,,1741.429,
2015-09-30 05:00:00,19.581,411.454,51.517,400.023,1280.000,,1385.714,
2015-09-30 06:00:00,34.517,463.724,39.330,424.478,,,,
2015-09-30 07:00:00,72.786,458.569,104.721,389.825,,,,
2015-09-30 08:00:00,114.818,439.688,135.064,409.717,,,,
2015-09-30 09:00:00,176.575,446.069,197.411,417.920,,,,
2015-09-30 10:00:00,163.097,425.862,184.134,386.709,,,,
2015-09-30 11:00:00,227.073,423.469,220.796,389.067,,,,
2015-09-30 12:00:00,253.998,463.190,247.908,403.897,,,,
2015-09-30 13:00:00,270.486,477.018,253.804,401.517,,,,
2015-09-30 14:00:00,319.347,447.506,292.601,425.145,,,,
2015-09-30 15:00:00,406.744,732.044,381.444,678.953,,,,
2015-09-30 16:00:00,479.175,842.757,454.889,800.713,,,,
2015-09-30 17:00:00,540.401,956.639,548.405,942.247,,,,
2015-09-30 18:00:00,861.423,1094.549,841.973,1068.367,,,,
2015-09-30 19:00:00,959.565,1260.285,945.825,1228.112,,,,
2015-09-30 20:00:00,1134.334,1415.797,1090.949,1373.459,,,,
2015-09-30 21:00:00,1347.281,1614.026,1294.521,1554.288,,,,
2015-09-30 22:00:00,1510.991,1728.938,1417.347,1682.948,,,,
2015-09-30 23:00:00,1213.936,1807.911,1149.533,1743.245,,,,
